<?xml version="1.0"?>

<!DOCTYPE hibernate-mapping PUBLIC "-//Hibernate/Hibernate Mapping DTD 3.0//EN"

"http://hibernate.sourceforge.net/hibernate-mapping-3.0.dtd">

<!-- Generated 2017-9-13 11:55:55 by Hibernate Tools 3.5.0.Final -->

<hibernate-mapping>

   <class name="Grade.Grade" table="grade">
		<id name="id" type="java.lang.Integer">
	
		     <column name="id" />

            <generator class="native"/>
         </id>
         <property name="number" type="java.lang.String">
         	<column name="number"></column>
         </property>
         <property name="course" type="java.lang.String">
         	<column name="course"></column>
         </property>
         <property name="grade" type="java.lang.String">
         	<column name="grade"></column>
         </property>
         <property name="tname" type="java.lang.String">
         	<column name="tname"></column>
         </property>
</class>
    
	
</hibernate-mapping>


