<?xml version="1.0"?>

<!DOCTYPE hibernate-mapping PUBLIC "-//Hibernate/Hibernate Mapping DTD 3.0//EN"

"http://hibernate.sourceforge.net/hibernate-mapping-3.0.dtd">

<!-- Generated 2017-9-13 11:55:55 by Hibernate Tools 3.5.0.Final -->

<hibernate-mapping>

   <class name="Manager.Manager" table="Maccount">
		<id name="id" type="java.lang.Integer">
	
		     <column name="id" />

            <generator class="native"/>
         </id>
         <property name="account" type="java.lang.String">
         	<column name="account"></column>
         </property>
         <property name="password" type="java.lang.String">
         	<column name="password"></column>
         </property>
</class>
    
	
</hibernate-mapping>


