<?xml version="1.0"?>

<!DOCTYPE hibernate-mapping PUBLIC "-//Hibernate/Hibernate Mapping DTD 3.0//EN"

"http://hibernate.sourceforge.net/hibernate-mapping-3.0.dtd">

<!-- Generated 2017-9-13 11:55:55 by Hibernate Tools 3.5.0.Final -->

<hibernate-mapping>

   <class name="Teacher.Teacher" table="taccount">
		<id name="tid" type="java.lang.Integer">
	
		     <column name="tid" />

            <generator class="native"/>
         </id>
          <property name="tname" type="java.lang.String">
         	<column name="tname"></column>
         </property>
          <property name="sex" type="java.lang.String">
         	<column name="sex"></column>
         </property>
         <property name="number" type="java.lang.String">
         	<column name="number"></column>
         </property>
         <property name="tnumber" type="java.lang.String">
         	<column name="tnumber"></column>
         </property>
         <property name="password" type="java.lang.String">
         	<column name="password"></column>
         </property>
         <property name="pnumber" type="java.lang.String">
         	<column name="pnumber"></column>
         </property>
         <property name="adress" type="java.lang.String">
         	<column name="adress"></column>
         </property>
         <property name="email" type="java.lang.String">
         	<column name="email"></column>
         </property>
         <property name="college" type="java.lang.String">
         	<column name="college"></column>
         </property>
</class>
    
	
</hibernate-mapping>


